id;start_date;end_date;language
1;2024-04-22T09:50:39;2024-04-22T18:50:53;FRENCH
2;2024-04-22T15:28:27;2024-04-22T18:39:31;FRENCH
3;2024-04-22T11:43:59;2024-04-23T00:46:57;FRENCH
4;2024-04-23T03:42:50;2024-04-22T15:57:58;ENGLISH
5;2024-04-23T07:07:39;2024-04-22T19:00:58;SPANISH
6;2024-04-23T02:39:49;2024-04-22T14:31:35;ENGLISH
7;2024-04-22T09:40:43;2024-04-22T08:56:10;FRENCH
8;2024-04-23T06:06:38;2024-04-22T16:32:59;ENGLISH
9;2024-04-22T09:31:30;2024-04-22T14:54:41;SPANISH
10;2024-04-23T02:29:10;2024-04-22T14:55:17;SPANISH
